465650873650118659,naomi_lgbt,"freeCodeCamp is wonderful!"
1234567890123456,john_doe,"freeCodeCamp helps me learn coding"
9876543210123456789,tech_enthusiast,"I love freeCodeCamp for its community and resources"
123456789012345678,jane_dev,"freeCodeCamp challenges improve my coding skills"
465650873650118659,bob_coder,"freecodecamp is awesome for learning web development"
123456789012345678,learning_dev,"I appreciate freeCodeCamp's commitment to education"
8765432101234567890,design_code,"freeCodeCamp is where I learned to code"
465650873650118659,devops_ninja,"freecodecamp is a treasure trove of coding knowledge"
8765432101234567890,html_hero,"freeCodeCamp taught me the basics of HTML, and CSS"
465650873650118659,css_champion,"freecodecamp makes learning CSS fun"
465650873650118659,nodejs_pro,"freecodecamp's node.js tutorials are great"
9876543210123456789,fullstack_genius,"I love freeCodeCamp for making me a full-stack developer"
465650873650118659,algorithm_wizard,"freecodecamp challenges sharpen my algorithmic skills"
465650873650118659,coding_enthusiast,"freecodecamp is my go-to for coding practice"
8765432101234567890,mentorship_seeker,"I appreciate freeCodeCamp's mentorship opportunities"
123456789012345678,learning_dev,"I appreciate freeCodeCamp's commitment to education"
8765432101234567890,design_code,"freeCodeCamp is where I learned to code HTML, CSS and JS"
465650873650118659,devops_ninja,"freecodecamp is a treasure trove of coding knowledge"
8765432101234567890,html_hero,"freeCodeCamp taught me the basics of HTML and CSS"
465650873650118659,css_champion,"freecodecamp makes learning CSS fun"
465650873650118659,nodejs_pro,"freecodecamp's node.js tutorials are great"
9876543210123456789,fullstack_genius,"I love freeCodeCamp for making me a full-stack developer"
465650873650118659,algorithm_wizard,"freecodecamp challenges sharpen my algorit"
